Branch,Semester,Course Code,Course Title
B.Tech CSE-AI/DS,IV,TCS408,Programming in Java
B.Tech CSE-AI/DS,IV,TCS402,Finite Automata and Formal Languages
B.Tech CSE-AI/DS,IV,TCS403,Microprocessors
B.Tech CSE-AI/DS,IV,TCS409,Design and Analysis of Algorithms
B.Tech CSE-AI/DS,IV,TCS462,Introduction to Bigdata
B.Tech CSE-AI/DS,IV,PCS408,Java Programming Lab
B.Tech CSE-AI/DS,IV,PCS403,Microprocessors Lab
B.Tech CSE-AI/DS,IV,PCS409,DAA Lab
B.Tech CSE-AI/DS,IV,XCS401,Career Skills
B.Tech CSE-AI/DS,IV,PESE400,Practical for Employability Skill Enhancement
B.Tech CSE-AI/DS,IV,SCS401,MOOCS Seminar
B.Tech CSE-AI/DS,IV,GP-401,General Proficiency
B.Tech CSE-AI/DS,IV,NQN400,Indian Constitution
