Branch,Semester,Course Code,Course Title
B.Tech CSE-AI/ML,IV,TCS464,Deep Learning
B.Tech CSE-AI/ML,IV,TCS402,Finite Automata and Formal Languages
B.Tech CSE-AI/ML,IV,TCS403,Microprocessors
B.Tech CSE-AI/ML,IV,TCS409,Design and Analysis of Algorithms
B.Tech CSE-AI/ML,IV,TCS408,Programming in Java
B.Tech CSE-AI/ML,IV,PCS464,Deep Learning Lab
B.Tech CSE-AI/ML,IV,PCS403,Microprocessors Lab
B.Tech CSE-AI/ML,IV,PCS409,DAA Lab
B.Tech CSE-AI/ML,IV,XCS401,Career Skills
B.Tech CSE-AI/ML,IV,PESE400,Practical for Employability Skill Enhancement
B.Tech CSE-AI/ML,IV,SCS401,MOOCS Seminar
B.Tech CSE-AI/ML,IV,GP-401,General Proficiency
B.Tech CSE-AI/ML,IV,NQN400,Indian Constitution
