Branch,Semester,Course Code,Course Title
B.Tech CSE-Core,IV,TCS408,Programming in Java
B.Tech CSE-Core,IV,TCS402,Finite Automata and Formal Languages
B.Tech CSE-Core,IV,TCS403,Microprocessors
B.Tech CSE-Core,IV,TCS409,Design and Analysis of Algorithms
B.Tech CSE-Core,IV,PCS408,Java Programming Lab
B.Tech CSE-Core,IV,PCS403,Microprocessors Lab
B.Tech CSE-Core,IV,PCS409,DAA Lab
B.Tech CSE-Core,IV,XCS401,Career Skills
B.Tech CSE-Core,IV,PESE400,Practical for Employability Skill Enhancement
B.Tech CSE-Core,IV,SCS401,MOOCS Seminar
B.Tech CSE-Core,IV,GP-401,General Proficiency
B.Tech CSE-Core,IV,NQN400,Indian Constitution
B.Tech CSE-AI/ML,IV,TCS464,Deep Learning
B.Tech CSE-AI/ML,IV,TCS402,Finite Automata and Formal Languages
B.Tech CSE-AI/ML,IV,TCS403,Microprocessors
B.Tech CSE-AI/ML,IV,TCS409,Design and Analysis of Algorithms
B.Tech CSE-AI/ML,IV,TCS408,Programming in Java
B.Tech CSE-AI/ML,IV,PCS464,Deep Learning Lab
B.Tech CSE-AI/ML,IV,PCS403,Microprocessors Lab
B.Tech CSE-AI/ML,IV,PCS409,DAA Lab
B.Tech CSE-AI/ML,IV,XCS401,Career Skills
B.Tech CSE-AI/ML,IV,PESE400,Practical for Employability Skill Enhancement
B.Tech CSE-AI/ML,IV,SCS401,MOOCS Seminar
B.Tech CSE-AI/ML,IV,GP-401,General Proficiency
B.Tech CSE-AI/ML,IV,NQN400,Indian Constitution
B.Tech CSE-AI/DS,IV,TCS408,Programming in Java
B.Tech CSE-AI/DS,IV,TCS402,Finite Automata and Formal Languages
B.Tech CSE-AI/DS,IV,TCS403,Microprocessors
B.Tech CSE-AI/DS,IV,TCS409,Design and Analysis of Algorithms
B.Tech CSE-AI/DS,IV,TCS462,Introduction to Bigdata
B.Tech CSE-AI/DS,IV,PCS408,Java Programming Lab
B.Tech CSE-AI/DS,IV,PCS403,Microprocessors Lab
B.Tech CSE-AI/DS,IV,PCS409,DAA Lab
B.Tech CSE-AI/DS,IV,XCS401,Career Skills
B.Tech CSE-AI/DS,IV,PESE400,Practical for Employability Skill Enhancement
B.Tech CSE-AI/DS,IV,SCS401,MOOCS Seminar
B.Tech CSE-AI/DS,IV,GP-401,General Proficiency
B.Tech CSE-AI/DS,IV,NQN400,Indian Constitution
B.Tech CSE-Cyber Security,IV,TCS408,Programming in Java
B.Tech CSE-Cyber Security,IV,TCS402,Finite Automata and Formal Languages
B.Tech CSE-Cyber Security,IV,TCS403,Microprocessors
B.Tech CSE-Cyber Security,IV,TCS409,Design and Analysis of Algorithms
B.Tech CSE-Cyber Security,IV,PCS408,Java Programming Lab
B.Tech CSE-Cyber Security,IV,PCS403,Microprocessors Lab
B.Tech CSE-Cyber Security,IV,PCS409,DAA Lab
B.Tech CSE-Cyber Security,IV,XCS401,Career Skills
B.Tech CSE-Cyber Security,IV,PESE400,Practical for Employability Skill Enhancement
B.Tech CSE-Cyber Security,IV,SCS401,MOOCS Seminar
B.Tech CSE-Cyber Security,IV,GP-401,General Proficiency
B.Tech CSE-Cyber Security,IV,NQN400,Indian Constitution
