Subject Code,Subject Name,Faculty
TCS 402,Finite Automata & Formal Languages,MR. ASHISH GARG
TCS 402,Finite Automata & Formal Languages,DR. VIKRANT SHARMA
TCS 402,Finite Automata & Formal Languages,DR. RISHIKA YADAV
TCS 402,Finite Automata & Formal Languages,MS. SONALI GUPTA
TCS 402,Finite Automata & Formal Languages,DR. AJAY SHUKLA
TCS 403,Microprocessor,MR. RAHUL CHAUHAN
TCS 403,Microprocessor,DR. DEVESH TIWARI
TCS 403,Microprocessor,DR. V.P. DUBEY
TCS 403,Microprocessor,DR. JYOTI RAMOLA
TCS 403,Microprocessor,MS. PRIYANKA NAUTIYAL
TCS 403,Microprocessor,MR. DIVESH KUMAR
TCS 403,Microprocessor,DR. SAURABH
TCS 403,Microprocessor,DR. SAURABH AGARWAL
TCS 408,Java Programming Language,DR. MAHESH MANCHANDA
TCS 408,Java Programming Language,DR. PRATEEK SRIVASTAVA
TCS 408,Java Programming Language,DR. MAHESH MANCHNADA
TCS 408,Java Programming Language,DR. AMIT
TCS 408,Java Programming Language,MR. AKASH CHAUHAN
TCS 408,Java Programming Language,MR. SUSHANT CHAMOLI
TCS 408,Java Programming Language,DR. BINA BHANDARI
TCS 409,Design & Analysis of Algorithms,MR. AKSHAY RAJPUT
TCS 409,Design & Analysis of Algorithms,DR. ANUPAM SINGH
TCS 409,Design & Analysis of Algorithms,MS. MEENAKSHI MAINDOLA
TCS 409,Design & Analysis of Algorithms,MR. SIDDHANT THAPLIYAL
TCS 421,Fundamental of Statistics and AI / VCC / Cyber Security,DR. SEEMA GULATI
TCS 451,Fundamental of Statistics and AI / VCC / Cyber Security,DR. SEEMA GULATI
TCS 495,Fundamental of Statistics and AI / VCC / Cyber Security,DR. SEEMA GULATI
TCS 421,Fundamental of Statistics and AI / VCC / Cyber Security,DR. PRAKASH
TCS 451,Fundamental of Statistics and AI / VCC / Cyber Security,DR. PRAKASH
TCS 495,Fundamental of Statistics and AI / VCC / Cyber Security,DR. PRAKASH
TCS 421,Fundamental of Statistics and AI / VCC / Cyber Security,MR. PURUSHOTTAM DAS
TCS 451,Fundamental of Statistics and AI / VCC / Cyber Security,MR. PURUSHOTTAM DAS
TCS 495,Fundamental of Statistics and AI / VCC / Cyber Security,MR. PURUSHOTTAM DAS
TCS 421,Fundamental of Statistics and AI / VCC / Cyber Security,MS. SHRADDHA
TCS 451,Fundamental of Statistics and AI / VCC / Cyber Security,MS. SHRADDHA
TCS 495,Fundamental of Statistics and AI / VCC / Cyber Security,MS. SHRADDHA
TCS 495,Foundation of Cyber Security,DR. MUKESH BHANDARI
TCS 462,Introduction to Big Data,MR. NITIN THAPLIYAL
TCS 464,Deep Learning,DR. AMIT GUPTA
TCS 464,Deep Learning,DR. SUSHEELA
XCS 401,Career Skills,MR. GAURAV
XCS 401,Career Skills,MS. AANCHAL
XCS 401,Career Skills,MR. SAURABH
XCS 401,Career Skills,MS. GEETIKA
XCS 401,Career Skills,MR. SUHAIL
XCS 401,Career Skills,MS. ANSHU
PCS 403,Microprocessor Lab,MR. RAHUL CHAUHAN
PCS 403,Microprocessor Lab,DR. DEVESH TIWARI
PCS 403,Microprocessor Lab,MS. JYOTI RAMOLA
PCS 403,Microprocessor Lab,DR. MOHIT PAYAL
PCS 403,Microprocessor Lab,DR. VIVEK CHAMOLI
PCS 403,Microprocessor Lab,MS. JYOTI KANDPAL
PCS 403,Microprocessor Lab,DR. VINEET
PCS 403,Microprocessor Lab,MR. DIVESH KUMAR
PCS 403,Microprocessor Lab,DR. SAURABH
PCS 403,Microprocessor Lab,MR. SAURABH AGGARWAL
PCS 403,Microprocessor Lab,MS. PRIYANKA NAUTIYAL
PCS 408,Java Lab,DR. MAHESH MANCHANDA
PCS 408,Java Lab,DR. PRATEEK SRIVASTAVA
PCS 408,Java Lab,MR. NISHANT BHANDARI
PCS 408,Java Lab,MS. SONALI GUPTA
PCS 408,Java Lab,MR. AKASH CHAUHAN
PCS 408,Java Lab,DR. BINA BHANDARI
PCS 408,Java Lab,MR. SUSHANT
PCS 408,Java Lab,MR. SUSHANT CHAMOLI
PCS 409,DAA Lab,MS. SWATI JOSHI
PCS 409,DAA Lab,MR. AYUSH KUMAR
PCS 409,DAA Lab,DR. ANUPAM SINGH
PCS 409,DAA Lab,MS. PREETI CHAUDHARY
PCS 409,DAA Lab,MS. PREETI
PCS 409,DAA Lab,DR. VIKRANT SHARMA
PCS 409,DAA Lab,MS. AYUSHI JAIN
PCS 409,DAA Lab,MS. ADITYA VERMA
PCS 409,DAA Lab,MS. PREETI CHOUDHARY
PCS 464,Deep Learning Lab,DR. AMIT GUPTA
PCS 464,Deep Learning Lab,DR. SUSHEELA
PESE 400,Practical for Employability Skill Enhancement,MS. NUPUR DUBEY
PESE 400,Practical for Employability Skill Enhancement,MR. ANSHUMAN SHARMA
PESE 400,Practical for Employability Skill Enhancement,MS. ADITI SINGHAL
PESE 400,Practical for Employability Skill Enhancement,MR. DIGAMBAR
PESE 400,Practical for Employability Skill Enhancement,MR. DIGAMBAR DHYANI
PESE 400,Practical for Employability Skill Enhancement,MS. ADITI
